reviewsCount,lastSync
224,2023-03-08
513,2023-03-08
137,2023-03-08
1012,2023-03-07
1678,2023-02-28
350,2023-03-27
254,2023-02-27
315,2023-03-08
140,2023-03-28
1254,2023-03-06
240,2023-03-08
890,2023-03-04
246,2023-03-30
401,2023-03-28
359,2023-03-27
63,2023-03-07
432,2023-03-28
1054,2023-03-30
706,2023-03-03
228,2023-03-08
149,2023-03-27
232,2023-03-06
633,2023-03-05
110,2023-03-30
502,2023-03-08
132,2023-03-06
156,2023-03-28
1088,2023-03-30
291,2023-02-28
270,2023-03-04
411,2023-02-28
416,2023-03-08
249,2023-03-08
236,2023-03-27
379,2023-03-02
452,2023-03-27
173,2023-03-30
658,2023-03-08
213,2023-04-16
943,2023-03-06
557,2023-03-08
427,2023-03-30
110,2023-02-28
440,2023-02-28
138,2023-03-28
290,2023-03-28
261,2023-03-08
688,2023-03-08
245,2023-03-06
658,2023-03-07
330,2023-03-30
131,2023-04-17
335,2023-03-08
139,2023-03-30
172,2023-02-28
623,2023-03-04
415,2023-03-30
171,2023-03-08
360,2023-04-16
336,2023-03-06
242,2023-03-07
395,2023-03-27
274,2023-03-04
344,2023-03-08
222,2023-03-28
241,2023-02-28
269,2023-03-08
90,2023-03-08
123,2023-03-28
286,2023-02-28
891,2023-02-28
177,2023-02-28
794,2023-03-30
122,2023-03-28
835,2023-03-08
217,2023-03-30
148,2023-03-28
342,2023-03-08
138,2023-02-28
185,2023-03-28
584,2023-03-27
297,2023-03-04
256,2023-03-30
641,2023-03-07
314,2023-03-06
912,2023-03-30
398,2023-03-08
32,2023-03-08
286,2023-03-30
334,2023-03-08
423,2023-03-27
225,2023-03-30
11,2023-03-08
145,2023-03-08
289,2023-03-28
414,2023-03-07
461,2023-02-28
569,2023-04-17
484,2023-02-28
159,2023-02-28
102,2023-03-08
263,2023-03-05
372,2023-02-28
368,2023-03-05
405,2023-03-07
953,2023-02-28
405,2023-03-30
302,2023-02-28
463,2023-02-28
375,2023-03-06
487,2023-03-30
117,2023-03-30
194,2023-03-30
116,2023-03-08
698,2023-03-08
229,2023-04-16
96,2023-03-28
413,2023-02-28
241,2023-03-05
82,2023-02-28
58,2023-03-08
93,2023-03-08
228,2023-03-27
489,2023-03-30
362,2023-03-08
343,2023-03-05
384,2023-03-30
351,2023-02-28
828,2023-03-04
145,2023-03-07
305,2023-03-27
245,2023-03-08
450,2023-03-28
305,2023-02-28
365,2023-03-31
104,2023-03-30
104,2023-02-28
185,2023-04-16
397,2023-03-30
311,2023-03-28
540,2023-03-04
219,2023-03-30
369,2023-03-08
178,2023-03-08
0,2023-03-04
323,2023-02-28
352,2023-02-28
474,2023-03-04
219,2023-02-28
225,2023-03-08
583,2023-03-27
195,2023-02-28
338,2023-03-28
199,2023-03-28
179,2023-02-28
307,2023-02-28
130,2023-03-05
1167,2023-03-30
1752,2023-02-28
125,2023-03-04
366,2023-02-28
123,2023-02-28
60,2023-03-07
1021,2023-03-30
672,2023-02-28
460,2023-03-27
480,2023-03-03
172,2023-03-07
309,2023-03-08
261,2023-03-08
453,2023-04-17
302,2023-03-28
361,2023-03-30
33,2023-03-03
158,2023-03-05
349,2023-03-30
131,2023-03-28
51,2023-03-27
82,2023-03-07
966,2023-03-27
132,2023-03-04
548,2023-03-30
264,2023-02-28
159,2023-03-27
197,2023-03-27
166,2023-03-30
84,2023-03-28
226,2023-03-03
124,2023-03-27
412,2023-02-28
450,2023-03-30
17,2023-02-28
655,2023-02-28
244,2023-03-30
217,2023-02-28
664,2023-02-28
184,2023-03-30
327,2023-03-06
183,2023-03-06
239,2023-02-28
117,2023-02-28
95,2023-03-27
167,2023-02-28
219,2023-03-30
39,2023-03-28
258,2023-03-04
125,2023-03-28
388,2023-03-08
121,2023-03-06
649,2023-03-06
131,2023-03-06
325,2023-03-28
330,2023-03-28
334,2023-04-17
179,2023-03-30
383,2023-03-08
89,2023-03-08
290,2023-02-28
328,2023-03-28
55,2023-02-28
180,2023-02-28
644,2023-02-28
515,2023-03-03
247,2023-04-16
290,2023-02-28
354,2023-02-28
908,2023-03-30
105,2023-02-28
167,2023-03-05
229,2023-02-28
10,2023-03-07
137,2023-03-06
654,2023-04-17
250,2023-03-30
660,2023-03-30
165,2023-03-27
134,2023-04-16
344,2023-03-30
69,2023-03-27
295,2023-03-28
134,2023-03-05
119,2023-02-28
152,2023-03-05
73,2023-03-27
207,2023-03-08
288,2023-03-08
398,2023-03-08
120,2023-03-03
938,2023-03-27
36,2023-03-27
168,2023-03-30
669,2023-02-28
37,2023-04-17
56,2023-03-05
193,2023-02-28
326,2023-03-03
110,2023-03-08
98,2023-03-07
45,2023-03-06
79,2023-03-11
211,2023-03-27
290,2023-02-28
15,2023-03-08
85,2023-03-28
442,2023-02-28
627,2023-02-28
78,2023-03-06
479,2023-04-17
299,2023-03-30
394,2023-03-08
434,2023-02-28
405,2023-03-04
273,2023-03-28
409,2023-03-30
57,2023-03-08
52,2023-03-08
336,2023-03-27
71,2023-03-08
112,2023-03-12
161,2023-03-08
116,2023-02-28
80,2023-03-07
789,2023-03-28
160,2023-03-03
118,2023-03-28
219,2023-03-28
583,2023-03-30
227,2023-04-17
116,2023-03-27
457,2023-03-27
41,2023-03-27
199,2023-03-27
157,2023-03-28
265,2023-03-28
111,2023-02-28
245,2023-03-08
119,2023-03-08
122,2023-03-06
73,2023-03-08
224,2023-03-08
198,2023-02-28
181,2023-02-28
323,2023-02-28
45,2023-03-04
128,2023-03-07
156,2023-03-30
145,2023-03-30
151,2023-03-30
113,2023-03-04
122,2023-03-02
8,2023-03-28
513,2023-03-30
286,2023-03-08
279,2023-03-28
147,2023-03-27
123,2023-04-17
257,2023-04-16
56,2023-03-06
168,2023-02-28
199,2023-03-05
263,2023-03-07
64,2023-04-17
221,2023-03-07
180,2023-03-30
328,2023-03-30
1,2023-02-28
91,2023-03-08
110,2023-03-28
156,2023-03-06
213,2023-03-28
197,2023-02-28
97,2023-03-30
93,2023-02-28
145,2023-02-28
153,2023-03-08
136,2023-03-28
445,2023-02-28
165,2023-03-08
223,2023-02-28
35,2023-03-08
282,2023-03-28
315,2023-02-28
73,2023-03-30
374,2023-03-04
145,2023-03-30
261,2023-03-30
157,2023-03-30
64,2023-03-03
202,2023-03-28
271,2023-03-08
128,2023-03-08
309,2023-02-28
363,2023-03-30
205,2023-03-08
453,2023-03-06
220,2023-03-08
201,2023-03-30
71,2023-03-05
72,2023-03-27
37,2023-03-06
40,2023-03-05
207,2023-03-27
53,2023-03-28
68,2023-02-28
215,2023-03-30
104,2023-03-05
320,2023-02-28
320,2023-02-28
368,2023-04-16
362,2023-02-28
189,2023-03-30
385,2023-04-17
220,2023-03-07
198,2023-03-30
133,2023-03-04
424,2023-02-28
255,2023-02-28
194,2023-02-28
138,2023-03-30
116,2023-02-28
239,2023-03-30
86,2023-03-28
324,2023-03-30
164,2023-02-28
10,2023-02-28
189,2023-03-07
31,2023-03-28
301,2023-03-27
54,2023-03-04
257,2023-03-07
302,2023-03-08
308,2023-02-28
84,2023-03-08
204,2023-03-27
113,2023-03-08
105,2023-03-30
295,2023-03-30
257,2023-03-07
204,2023-03-07
370,2023-02-28
52,2023-03-07
341,2023-02-28
159,2023-03-27
192,2023-03-04
272,2023-03-28
167,2023-03-08
309,2023-03-08
74,2023-02-28
41,2023-03-28
193,2023-03-08
521,2023-02-28
328,2023-03-07
213,2023-03-28
496,2023-03-28
368,2023-03-07
99,2023-02-28
56,2023-02-28
239,2023-03-30
325,2023-03-30
187,2023-03-30
121,2023-02-28
632,2023-03-07
211,2023-03-05
277,2023-02-28
100,2023-02-28
121,2023-02-28
305,2023-03-30
195,2023-03-06
282,2023-03-05
39,2023-03-30
79,2023-02-28
278,2023-03-30
90,2023-02-28
126,2023-02-28
169,2023-03-08
57,2023-04-16
78,2023-03-07
62,2023-03-28
219,2023-03-08
282,2023-02-28
228,2023-03-30
66,2023-02-28
125,2023-03-28
207,2023-03-08
224,2023-03-06
114,2023-03-08
10,2023-03-08
116,2023-03-30
401,2023-03-04
498,2023-03-30
81,2023-03-08
161,2023-03-30
117,2023-03-08
406,2023-03-30
46,2023-03-08
123,2023-02-28
98,2023-02-28
222,2023-03-30
52,2023-03-30
405,2023-03-07
396,2023-02-28
467,2023-02-28
59,2023-02-28
10,2023-03-30
316,2023-03-08
75,2023-03-04
157,2023-02-28
118,2023-03-27
81,2023-03-03
255,2023-03-28
261,2023-03-28
384,2023-03-28
275,2023-03-30
196,2023-02-28
24,2023-03-08
62,2023-03-08
155,2023-03-05
388,2023-03-04
196,2023-03-28
237,2023-02-28
41,2023-03-08
348,2023-03-30
66,2023-02-28
332,2023-03-30
93,2023-03-07
838,2023-03-30
175,2023-03-05
198,2023-03-30
160,2023-03-07
276,2023-03-30
112,2023-03-06
33,2023-03-08
221,2023-02-28
304,2023-03-11
178,2023-02-28
140,2023-03-08
98,2023-03-30
68,2023-03-28
243,2023-02-28
40,2023-03-30
334,2023-03-07
137,2023-03-30
23,2023-03-06
406,2023-02-28
186,2023-03-08
60,2023-03-08
75,2023-03-30
208,2023-02-28
64,2023-03-05
276,2023-03-30
418,2023-03-04
149,2023-02-28
115,2023-04-17
399,2023-02-28
234,2023-02-28
151,2023-03-28
222,2023-03-30
139,2023-04-16
544,2023-03-06
208,2023-03-28
309,2023-02-28
79,2023-03-30
197,2023-03-08
69,2023-03-28
35,2023-04-17
97,2023-03-28
224,2023-03-30
111,2023-03-05
114,2023-03-08
229,2023-03-02
562,2023-02-28
132,2023-03-27
197,2023-03-04
174,2023-03-30
255,2023-03-27
182,2023-03-28
178,2023-02-28
121,2023-02-28
103,2023-03-08
80,2023-03-28
138,2023-02-28
262,2023-03-06
137,2023-02-28
44,2023-03-04
106,2023-03-27
134,2023-02-28
164,2023-03-30
264,2023-03-30
141,2023-03-27
182,2023-02-28
250,2023-03-30
195,2023-03-30
148,2023-03-07
145,2023-03-30
39,2023-03-28
376,2023-03-28
212,2023-03-08
51,2023-02-28
63,2023-03-05
121,2023-02-28
46,2023-03-03
38,2023-03-30
165,2023-03-07
108,2023-03-08
287,2023-03-04
158,2023-03-27
106,2023-03-06
115,2023-03-08
190,2023-03-04
156,2023-02-28
105,2023-03-08
392,2023-03-30
16,2023-03-07
322,2023-02-28
229,2023-03-08
271,2023-03-06
164,2023-02-28
76,2023-03-28
265,2023-02-28
0,2023-03-04
294,2023-02-28
144,2023-03-08
115,2023-03-11
247,2023-03-30
187,2023-04-17
85,2023-03-06
148,2023-02-28
266,2023-04-17
76,2023-03-27
148,2023-03-08
86,2023-03-31
136,2023-02-28
467,2023-03-08
56,2023-02-28
196,2023-03-08
161,2023-02-28
116,2023-02-28
165,2023-03-30
99,2023-03-30
321,2023-03-03
81,2023-02-28
77,2023-03-12
17,2023-02-28
126,2023-02-28
142,2023-03-30
269,2023-03-04
205,2023-02-28
426,2023-03-04
96,2023-03-06
152,2023-03-06
170,2023-03-31
129,2023-02-28
72,2023-03-28
111,2023-02-28
231,2023-02-28
61,2023-03-28
151,2023-02-28
116,2023-04-17
264,2023-02-28
150,2023-03-04
73,2023-03-12
159,2023-03-03
137,2023-03-03
126,2023-03-30
131,2023-03-08
241,2023-03-30
58,2023-03-06
66,2023-03-06
54,2023-03-06
268,2023-02-28
165,2023-03-08
256,2023-03-03
148,2023-03-30
149,2023-03-08
66,2023-03-05
80,2023-03-04
306,2023-02-28
133,2023-03-08
54,2023-02-28
134,2023-04-17
20,2023-03-28
209,2023-03-30
243,2023-02-28
135,2023-03-06
233,2023-03-30
133,2023-02-28
151,2023-03-28
96,2023-03-30
273,2023-03-03
95,2023-03-08
87,2023-03-28
100,2023-02-28
54,2023-03-05
158,2023-04-17
0,2023-03-04
50,2023-03-28
51,2023-03-08
161,2023-02-28
23,2023-03-12
68,2023-02-28
64,2023-04-17
139,2023-02-28
141,2023-03-27
143,2023-03-30
407,2023-02-28
170,2023-03-06
200,2023-03-30
118,2023-03-28
155,2023-03-04
135,2023-02-28
194,2023-03-30
125,2023-03-27
32,2023-03-30
67,2023-04-17
70,2023-03-30
225,2023-03-04
160,2023-03-30
67,2023-03-28
201,2023-03-07
130,2023-03-08
233,2023-03-28
110,2023-03-08
174,2023-03-30
86,2023-02-28
64,2023-04-17
604,2023-03-28
143,2023-03-08
98,2023-03-30
302,2023-03-30
240,2023-03-28
37,2023-02-28
179,2023-03-28
90,2023-03-30
138,2023-03-08
269,2023-03-08
95,2023-03-28
444,2023-02-28
106,2023-03-28
178,2023-02-28
213,2023-03-07
55,2023-03-06
174,2023-03-28
108,2023-03-12
124,2023-03-06
314,2023-03-08
25,2023-03-30
73,2023-03-28
250,2023-03-27
30,2023-03-08
85,2023-03-28
27,2023-03-08
103,2023-03-08
205,2023-03-30
161,2023-03-08
67,2023-03-28
94,2023-03-08
48,2023-02-28
110,2023-03-30
128,2023-03-06
130,2023-03-30
251,2023-03-07
59,2023-03-30
273,2023-02-28
132,2023-03-08
146,2023-03-30
126,2023-03-30
551,2023-03-30
114,2023-03-30
374,2023-03-28
45,2023-02-28
67,2023-03-07
295,2023-02-28
52,2023-03-30
101,2023-02-28
149,2023-02-28
160,2023-03-30
211,2023-03-03
33,2023-03-08
178,2023-03-06
35,2023-03-30
135,2023-03-27
8,2023-02-28
463,2023-03-07
188,2023-03-12
142,2023-03-05
214,2023-02-28
31,2023-02-28
331,2023-02-28
387,2023-03-04
185,2023-03-30
177,2023-02-28
77,2023-03-02
54,2023-02-28
214,2023-02-28
257,2023-02-28
112,2023-03-08
33,2023-02-28
90,2023-02-28
65,2023-02-28
47,2023-03-30
9,2023-03-08
119,2023-03-05
172,2023-02-28
49,2023-03-08
155,2023-03-08
42,2023-02-28
286,2023-03-04
170,2023-03-08
147,2023-03-06
61,2023-03-28
121,2023-03-08
211,2023-03-30
103,2023-02-28
79,2023-02-28
12,2023-03-04
42,2023-03-30
63,2023-02-28
33,2023-03-08
300,2023-02-28
33,2023-03-03
108,2023-03-27
306,2023-03-27
85,2023-03-28
212,2023-02-28
372,2023-03-08
52,2023-02-28
109,2023-04-17
69,2023-02-28
65,2023-02-28
35,2023-04-16
72,2023-02-28
22,2023-02-28
48,2023-02-28
277,2023-03-30
43,2023-03-08
408,2023-03-30
109,2023-03-06
81,2023-03-04
71,2023-03-28
83,2023-02-28
151,2023-03-30
89,2023-02-28
361,2023-03-30
105,2023-03-28
95,2023-03-28
152,2023-03-30
120,2023-02-28
240,2023-02-28
419,2023-02-28
213,2023-02-28
61,2023-03-08
167,2023-02-28
32,2023-03-05
191,2023-03-30
89,2023-03-30
148,2023-03-06
65,2023-03-27
113,2023-03-27
147,2023-02-28
35,2023-03-28
212,2023-03-30
47,2023-03-08
61,2023-02-28
33,2023-03-27
82,2023-03-30
137,2023-03-27
69,2023-03-08
154,2023-03-05
79,2023-03-07
96,2023-03-06
250,2023-03-04
47,2023-03-06
29,2023-03-30
67,2023-03-27
95,2023-03-04
155,2023-03-30
36,2023-03-08
89,2023-03-31
87,2023-03-08
146,2023-03-04
405,2023-04-17
177,2023-02-28
103,2023-03-03
144,2023-02-28
112,2023-03-30
320,2023-02-28
229,2023-02-28
101,2023-03-30
151,2023-03-07
42,2023-03-28
63,2023-02-28
105,2023-02-28
360,2023-03-30
88,2023-02-28
140,2023-03-30
43,2023-03-30
219,2023-03-08
208,2023-03-08
73,2023-03-30
25,2023-03-08
287,2023-03-06
560,2023-03-12
170,2023-03-30
67,2023-03-28
118,2023-03-08
40,2023-02-28
71,2023-04-17
100,2023-03-28
58,2023-03-07
203,2023-03-27
48,2023-02-28
10,2023-03-06
58,2023-03-08
55,2023-03-08
77,2023-03-06
104,2023-03-30
147,2023-04-16
73,2023-03-30
57,2023-03-07
88,2023-04-16
81,2023-02-28
88,2023-03-05
304,2023-03-04
227,2023-03-08
36,2023-02-28
10,2023-03-08
93,2023-03-30
83,2023-03-27
75,2023-03-04
23,2023-04-17
49,2023-03-30
63,2023-04-16
152,2023-02-28
33,2023-03-08
115,2023-02-28
220,2023-03-30
60,2023-03-28
102,2023-03-08
238,2023-03-30
86,2023-03-08
160,2023-03-03
293,2023-03-28
124,2023-03-04
127,2023-03-04
32,2023-03-28
15,2023-03-28
44,2023-03-08
99,2023-03-30
94,2023-03-30
24,2023-02-28
113,2023-03-27
46,2023-02-28
83,2023-02-28
91,2023-03-30
32,2023-03-30
120,2023-03-08
158,2023-03-28
10,2023-03-30
85,2023-03-28
42,2023-03-08
130,2023-03-08
98,2023-03-06
39,2023-03-03
61,2023-03-27
84,2023-03-12
64,2023-03-04
360,2023-02-28
180,2023-03-30
0,2023-03-03
126,2023-02-28
69,2023-03-08
40,2023-03-28
96,2023-03-08
186,2023-02-28
83,2023-03-04
45,2023-03-07
153,2023-03-06
102,2023-03-06
330,2023-02-28
96,2023-03-28
150,2023-03-05
49,2023-02-28
25,2023-03-27
113,2023-03-30
297,2023-03-30
106,2023-03-03
53,2023-02-28
177,2023-02-28
146,2023-02-28
66,2023-04-17
85,2023-03-28
68,2023-03-12
200,2023-03-30
25,2023-02-28
38,2023-02-28
50,2023-03-28
146,2023-02-28
57,2023-03-06
26,2023-03-05
130,2023-02-28
30,2023-03-12
157,2023-02-28
227,2023-03-30
34,2023-03-08
69,2023-03-30
56,2023-03-28
185,2023-03-07
46,2023-03-30
54,2023-03-05
167,2023-02-28
63,2023-03-03
123,2023-03-27
162,2023-03-03
37,2023-03-27
49,2023-03-28
80,2023-03-12
146,2023-03-04
28,2023-03-11
143,2023-02-28
157,2023-03-27
77,2023-03-05
147,2023-03-07
56,2023-02-28
101,2023-03-30
10,2023-03-06
171,2023-03-28
23,2023-02-28
17,2023-03-30
33,2023-02-28
70,2023-03-30
113,2023-03-08
166,2023-03-12
89,2023-03-30
54,2023-03-30
267,2023-03-30
61,2023-03-30
74,2023-03-30
87,2023-03-30
112,2023-03-05
115,2023-02-28
41,2023-02-28
136,2023-03-27
110,2023-03-08
44,2023-03-08
136,2023-03-08
287,2023-03-06
96,2023-03-08
207,2023-03-08
49,2023-03-08
177,2023-03-07
64,2023-02-28
207,2023-02-28
32,2023-03-28
5,2023-03-08
41,2023-03-28
46,2023-03-04
33,2023-03-28
27,2023-03-05
20,2023-03-05
152,2023-02-28
61,2023-04-17
10,2023-04-17
236,2023-02-28
349,2023-02-28
71,2023-03-27
169,2023-02-28
131,2023-02-28
34,2023-03-28
65,2023-03-08
52,2023-03-06
35,2023-02-28
72,2023-02-28
60,2023-02-28
73,2023-03-30
107,2023-02-28
187,2023-03-28
119,2023-02-28
190,2023-02-28
156,2023-02-28
127,2023-03-08
85,2023-03-05
53,2023-02-28
97,2023-04-17
25,2023-03-27
246,2023-03-05
152,2023-03-30
126,2023-03-01
157,2023-02-28
114,2023-03-06
108,2023-03-08
33,2023-03-27
115,2023-03-12
90,2023-03-30
40,2023-03-08
192,2023-02-28
110,2023-03-30
62,2023-03-30
276,2023-03-30
31,2023-03-30
28,2023-02-28
19,2023-03-30
335,2023-02-28
102,2023-03-30
139,2023-03-30
96,2023-03-27
100,2023-03-04
71,2023-03-30
31,2023-03-08
38,2023-03-30
51,2023-03-06
13,2023-02-28
60,2023-03-31
133,2023-04-16
91,2023-03-30
21,2023-03-30
143,2023-03-30
84,2023-03-27
73,2023-03-27
194,2023-02-28
94,2023-03-30
52,2023-03-30
32,2023-03-08
165,2023-02-28
19,2023-03-28
246,2023-03-12
45,2023-03-28
211,2023-02-28
175,2023-03-30
136,2023-02-28
241,2023-03-04
58,2023-02-28
77,2023-03-30
94,2023-03-28
9,2023-02-28
39,2023-03-27
231,2023-03-07
44,2023-03-07
18,2023-03-08
76,2023-02-28
49,2023-03-04
83,2023-02-28
123,2023-02-28
95,2023-03-07
121,2023-03-04
111,2023-03-30
138,2023-03-05
82,2023-03-30
67,2023-03-27
137,2023-03-27
10,2023-03-06
164,2023-02-28
17,2023-03-30
97,2023-03-08
11,2023-03-05
40,2023-03-08
75,2023-03-03
183,2023-04-17
105,2023-03-08
235,2023-02-28
68,2023-03-08
28,2023-03-30
29,2023-03-30
69,2023-03-30
211,2023-03-31
31,2023-03-08
108,2023-03-28
50,2023-02-28
132,2023-02-28
98,2023-02-28
18,2023-03-05
201,2023-02-28
50,2023-02-28
49,2023-03-12
64,2023-03-28
117,2023-03-08
79,2023-02-28
14,2023-03-08
43,2023-03-06
79,2023-02-28
10,2023-03-06
106,2023-02-28
98,2023-03-27
20,2023-03-04
128,2023-03-30
138,2023-03-28
151,2023-02-28
32,2023-03-30
147,2023-02-28
11,2023-03-06
79,2023-03-08
222,2023-03-30
204,2023-03-30
97,2023-03-30
12,2023-04-16
50,2023-03-30
127,2023-03-30
26,2023-03-04
165,2023-02-28
30,2023-03-07
50,2023-03-31
23,2023-02-28
10,2023-03-06
44,2023-03-07
89,2023-03-30
130,2023-02-28
75,2023-03-08
152,2023-03-04
124,2023-02-28
9,2023-03-11
32,2023-03-30
59,2023-03-06
65,2023-03-30
65,2023-03-12
0,2023-03-04
111,2023-02-28
81,2023-04-17
57,2023-03-28
67,2023-03-27
61,2023-03-30
58,2023-03-31
64,2023-03-30
216,2023-03-08
58,2023-03-08
111,2023-02-28
137,2023-03-30
88,2023-02-28
49,2023-03-06
47,2023-02-28
46,2023-02-28
94,2023-03-06
219,2023-02-28
94,2023-03-30
64,2023-03-30
43,2023-02-28
35,2023-02-28
77,2023-03-28
15,2023-03-08
10,2023-03-07
70,2023-02-28
72,2023-03-06
38,2023-03-30
46,2023-02-28
66,2023-03-08
88,2023-02-28
193,2023-02-28
57,2023-03-12
96,2023-03-06
210,2023-03-27
82,2023-03-08
61,2023-03-06
18,2023-03-03
101,2023-02-28
19,2023-03-31
15,2023-02-28
62,2023-03-27
376,2023-02-28
83,2023-03-03
128,2023-03-27
125,2023-03-30
7,2023-03-27
35,2023-03-08
35,2023-03-30
135,2023-03-30
29,2023-03-08
22,2023-03-08
55,2023-03-04
70,2023-03-05
33,2023-03-04
86,2023-02-28
112,2023-03-08
54,2023-03-30
25,2023-03-04
33,2023-03-04
77,2023-03-30
35,2023-03-07
11,2023-03-30
57,2023-04-17
16,2023-02-28
57,2023-03-08
47,2023-03-06
33,2023-03-27
39,2023-03-30
78,2023-03-28
77,2023-02-28
71,2023-03-06
31,2023-03-08
101,2023-03-27
43,2023-03-30
71,2023-03-08
34,2023-03-08
30,2023-03-07
248,2023-03-30
122,2023-03-30
169,2023-02-28
21,2023-03-06
5,2023-03-04
32,2023-03-08
91,2023-02-28
171,2023-03-30
204,2023-02-28
59,2023-03-30
43,2023-02-28
54,2023-03-04
107,2023-03-08
60,2023-03-08
29,2023-02-28
41,2023-04-17
135,2023-03-30
61,2023-03-08
71,2023-03-08
81,2023-03-30
3,2023-03-28
32,2023-03-08
10,2023-03-30
68,2023-03-07
400,2023-03-30
61,2023-03-30
180,2023-02-28
65,2023-03-03
109,2023-03-08
50,2023-03-03
43,2023-02-28
239,2023-03-27
89,2023-02-28
70,2023-03-04
70,2023-02-28
47,2023-03-30
183,2023-03-07
17,2023-03-30
52,2023-03-28
88,2023-02-28
98,2023-03-03
152,2023-03-30
60,2023-03-28
19,2023-03-28
197,2023-02-28
197,2023-03-08
45,2023-02-28
97,2023-03-28
82,2023-02-28
15,2023-03-28
68,2023-03-30
10,2023-04-17
16,2023-02-28
130,2023-03-06
108,2023-02-28
39,2023-03-08
41,2023-03-06
56,2023-03-28
65,2023-02-28
18,2023-02-28
38,2023-02-28
94,2023-02-28
26,2023-03-08
124,2023-03-08
37,2023-03-30
48,2023-03-28
76,2023-02-28
28,2023-02-28
48,2023-03-28
39,2023-03-30
58,2023-03-30
155,2023-03-03
64,2023-03-04
58,2023-02-28
18,2023-03-28
41,2023-02-28
65,2023-03-05
89,2023-02-28
20,2023-03-30
19,2023-03-08
58,2023-03-04
26,2023-02-28
63,2023-03-07
107,2023-02-28
10,2023-04-17
135,2023-03-28
56,2023-03-07
189,2023-03-28
74,2023-02-28
22,2023-02-28
45,2023-03-03
36,2023-03-07
145,2023-02-28
43,2023-02-28
49,2023-02-28
65,2023-03-30
31,2023-02-28
117,2023-02-28
29,2023-03-01
68,2023-02-28
24,2023-03-08
143,2023-03-04
90,2023-03-28
142,2023-03-08
27,2023-03-07
93,2023-03-28
181,2023-03-28
10,2023-03-07
7,2023-03-28
115,2023-02-28
38,2023-03-30
79,2023-04-17
127,2023-03-11
31,2023-03-03
50,2023-03-05
87,2023-03-28
50,2023-03-08
9,2023-02-28
94,2023-03-08
15,2023-03-03
72,2023-03-04
45,2023-03-08
125,2023-03-07
14,2023-03-30
42,2023-03-08
27,2023-04-17
95,2023-02-28
76,2023-02-28
36,2023-03-28
208,2023-03-28
62,2023-02-28
24,2023-03-07
74,2023-03-30
71,2023-02-28
31,2023-03-30
43,2023-02-28
35,2023-03-04
46,2023-03-06
141,2023-03-08
11,2023-03-08
74,2023-03-06
59,2023-03-30
31,2023-02-28
31,2023-02-28
65,2023-02-28
68,2023-03-30
32,2023-04-16
106,2023-03-30
20,2023-03-06
75,2023-02-28
9,2023-03-04
69,2023-03-28
138,2023-03-30
92,2023-02-28
107,2023-02-28
127,2023-03-06
32,2023-03-08
170,2023-03-30
52,2023-04-16
82,2023-02-28
207,2023-03-04
43,2023-03-06
125,2023-03-30
45,2023-03-04
94,2023-02-28
93,2023-03-30
62,2023-03-30
44,2023-02-28
56,2023-03-08
24,2023-03-30
138,2023-03-27
132,2023-02-28
40,2023-02-28
84,2023-03-30
16,2023-02-28
47,2023-03-04
52,2023-03-08
34,2023-03-27
43,2023-03-30
42,2023-02-28
70,2023-03-28
20,2023-03-28
45,2023-03-31
17,2023-03-27
26,2023-03-30
43,2023-02-28
95,2023-03-08
83,2023-03-05
41,2023-03-30
49,2023-02-28
46,2023-03-03
20,2023-02-28
10,2023-03-30
30,2023-03-28
99,2023-02-28
74,2023-02-28
43,2023-03-30
30,2023-03-08
34,2023-02-28
173,2023-02-28
11,2023-03-12
17,2023-02-28
120,2023-03-08
17,2023-03-08
34,2023-03-30
73,2023-03-28
28,2023-03-05
21,2023-03-04
56,2023-02-28
117,2023-03-28
102,2023-03-30
62,2023-03-07
83,2023-03-06
34,2023-03-31
41,2023-03-08
11,2023-02-28
21,2023-03-28
45,2023-03-08
51,2023-03-06
13,2023-03-30
53,2023-03-30
23,2023-02-28
37,2023-03-30
6,2023-03-28
41,2023-03-30
71,2023-03-30
108,2023-04-16
53,2023-03-01
42,2023-03-31
321,2023-03-28
73,2023-03-06
47,2023-02-28
86,2023-02-28
54,2023-03-28
94,2023-02-28
63,2023-03-08
55,2023-03-28
152,2023-03-30
73,2023-03-04
222,2023-03-27
20,2023-03-28
25,2023-02-28
39,2023-03-27
55,2023-03-07
34,2023-03-27
67,2023-02-28
10,2023-03-06
38,2023-02-28
70,2023-03-30
61,2023-04-17
25,2023-03-07
32,2023-04-16
17,2023-03-27
43,2023-02-28
110,2023-03-08
63,2023-02-28
20,2023-03-30
161,2023-03-06
101,2023-03-30
93,2023-03-04
62,2023-03-28
88,2023-02-28
77,2023-04-17
72,2023-03-12
19,2023-02-28
62,2023-03-27
0,2023-03-03
118,2023-03-04
28,2023-03-30
35,2023-03-28
37,2023-03-08
31,2023-03-31
39,2023-03-30
80,2023-03-30
52,2023-03-06
10,2023-03-07
10,2023-03-11
38,2023-02-28
115,2023-03-08
11,2023-04-17
61,2023-02-28
10,2023-03-07
78,2023-03-06
69,2023-03-07
19,2023-03-27
73,2023-03-08
11,2023-02-28
17,2023-03-08
96,2023-02-28
32,2023-02-28
30,2023-03-28
95,2023-04-17
9,2023-03-28
23,2023-03-08
122,2023-03-07
44,2023-03-30
20,2023-03-06
47,2023-02-28
11,2023-03-28
115,2023-02-28
147,2023-03-27
120,2023-02-28
36,2023-03-30
164,2023-03-08
66,2023-03-30
49,2023-03-30
51,2023-02-28
23,2023-02-28
36,2023-02-28
3,2023-03-08
56,2023-03-11
8,2023-03-12
21,2023-03-07
61,2023-03-08
12,2023-03-12
60,2023-02-28
50,2023-02-28
97,2023-03-30
58,2023-03-05
52,2023-03-08
169,2023-03-27
16,2023-03-30
92,2023-03-28
47,2023-02-28
51,2023-03-30
83,2023-02-28
27,2023-03-28
73,2023-02-28
66,2023-03-06
53,2023-03-03
49,2023-03-06
56,2023-03-08
15,2023-02-28
42,2023-02-28
41,2023-03-27
42,2023-03-30
44,2023-03-27
34,2023-03-28
75,2023-03-30
40,2023-03-08
35,2023-02-28
81,2023-03-27
35,2023-02-28
75,2023-03-07
46,2023-04-16
70,2023-03-08
114,2023-03-07
25,2023-03-08
31,2023-03-28
64,2023-03-04
80,2023-02-28
0,2023-02-28
84,2023-02-28
51,2023-03-30
38,2023-03-08
126,2023-03-30
53,2023-03-31
45,2023-03-07
12,2023-02-28
28,2023-03-06
132,2023-03-08
47,2023-03-28
86,2023-03-08
58,2023-02-28
45,2023-03-30
33,2023-03-30
7,2023-04-16
54,2023-03-08
79,2023-03-27
10,2023-03-30
10,2023-03-07
37,2023-03-30
25,2023-03-30
27,2023-03-28
38,2023-03-04
40,2023-03-04
29,2023-03-28
90,2023-02-28
75,2023-02-28
17,2023-03-30
41,2023-02-28
26,2023-04-17
33,2023-03-30
85,2023-03-30
47,2023-03-30
44,2023-03-27
26,2023-03-30
144,2023-03-30
128,2023-03-07
109,2023-03-30
70,2023-03-30
17,2023-03-28
88,2023-03-30
11,2023-04-17
92,2023-03-30
35,2023-03-08
43,2023-02-28
12,2023-02-28
27,2023-03-12
43,2023-03-30
51,2023-02-28
76,2023-03-28
86,2023-02-28
8,2023-03-30
6,2023-03-06
77,2023-03-04
51,2023-03-08
23,2023-03-30
16,2023-02-28
28,2023-03-08
17,2023-03-27
13,2023-03-11
43,2023-02-28
18,2023-03-04
17,2023-03-08
36,2023-03-08
145,2023-03-30
13,2023-03-30
90,2023-03-30
39,2023-02-28
23,2023-03-08
38,2023-03-04
32,2023-03-31
28,2023-03-30
28,2023-03-28
54,2023-02-28
75,2023-02-28
41,2023-02-28
37,2023-03-05
32,2023-03-28
28,2023-04-16
43,2023-02-28
69,2023-03-07
32,2023-03-06
34,2023-03-04
9,2023-02-28
39,2023-03-27
23,2023-03-03
53,2023-03-30
59,2023-03-02
14,2023-03-05
132,2023-02-28
25,2023-03-30
67,2023-03-04
10,2023-03-06
15,2023-03-08
96,2023-03-04
6,2023-03-08
78,2023-03-27
23,2023-03-28
28,2023-03-30
23,2023-02-28
19,2023-03-08
42,2023-03-27
45,2023-02-28
18,2023-03-07
74,2023-03-30
37,2023-04-16
49,2023-03-30
46,2023-03-28
23,2023-02-28
30,2023-03-28
21,2023-03-04
18,2023-02-28
26,2023-03-03
67,2023-02-28
50,2023-02-28
38,2023-03-30
5,2023-03-28
97,2023-03-07
72,2023-03-04
51,2023-03-04
8,2023-03-30
105,2023-02-28
16,2023-03-28
87,2023-02-28
71,2023-03-30
46,2023-03-07
56,2023-03-05
66,2023-03-28
42,2023-03-28
8,2023-03-06
5,2023-03-06
56,2023-03-07
18,2023-02-28
101,2023-03-03
94,2023-02-28
32,2023-03-27
32,2023-03-27
158,2023-02-28
40,2023-04-16
189,2023-02-28
35,2023-03-30
10,2023-03-30
8,2023-03-30
22,2023-03-30
9,2023-04-16
27,2023-03-28
52,2023-02-28
61,2023-03-27
21,2023-02-28
41,2023-02-28
27,2023-03-30
30,2023-03-05
82,2023-02-28
55,2023-02-28
77,2023-03-28
57,2023-03-30
19,2023-04-17
72,2023-03-30
23,2023-02-28
18,2023-03-31
25,2023-03-30
15,2023-03-05
96,2023-03-04
46,2023-02-28
11,2023-03-11
22,2023-02-28
5,2023-03-08
72,2023-02-28
50,2023-03-28
37,2023-03-30
97,2023-02-28
75,2023-02-28
34,2023-03-30
88,2023-03-30
14,2023-03-27
6,2023-02-28
46,2023-03-12
34,2023-03-03
31,2023-04-17
24,2023-03-30
62,2023-04-17
7,2023-02-28
11,2023-03-27
17,2023-02-28
46,2023-03-04
41,2023-02-28
48,2023-03-27
28,2023-02-28
66,2023-02-28
96,2023-03-04
92,2023-03-30
10,2023-04-17
5,2023-03-27
64,2023-03-03
29,2023-02-28
9,2023-03-08
29,2023-02-28
55,2023-03-08
3,2023-03-28
70,2023-02-28
100,2023-03-30
98,2023-02-28
43,2023-03-03
25,2023-03-08
46,2023-02-28
7,2023-04-17
53,2023-03-30
14,2023-03-08
52,2023-02-28
26,2023-03-08
18,2023-02-28
50,2023-03-11
4,2023-03-28
82,2023-03-28
19,2023-03-04
9,2023-03-30
25,2023-03-28
44,2023-03-30
20,2023-02-28
0,2023-03-03
56,2023-03-07
26,2023-03-27
49,2023-02-28
10,2023-03-11
43,2023-02-28
27,2023-03-03
10,2023-03-12
34,2023-02-28
29,2023-03-04
45,2023-03-30
27,2023-02-28
10,2023-04-17
31,2023-03-27
11,2023-03-30
31,2023-02-28
72,2023-02-28
96,2023-02-28
27,2023-02-28
99,2023-02-28
31,2023-03-27
24,2023-04-16
30,2023-04-16
91,2023-02-28
0,2023-02-28
42,2023-03-08
40,2023-02-28
20,2023-03-30
100,2023-03-04
16,2023-03-04
32,2023-02-28
37,2023-03-30
42,2023-02-28
39,2023-03-12
48,2023-03-08
22,2023-02-28
24,2023-03-06
66,2023-02-28
31,2023-03-12
83,2023-03-30
10,2023-03-30
84,2023-03-07
73,2023-03-30
61,2023-03-06
10,2023-03-08
43,2023-02-28
24,2023-02-28
59,2023-03-06
52,2023-03-07
28,2023-03-06
23,2023-02-28
44,2023-02-28
15,2023-03-07
21,2023-03-08
47,2023-02-28
94,2023-02-28
34,2023-03-04
20,2023-03-27
71,2023-02-28
29,2023-03-03
51,2023-03-07
35,2023-03-06
26,2023-03-30
74,2023-03-30
18,2023-03-30
49,2023-03-30
11,2023-03-06
13,2023-03-08
10,2023-03-07
42,2023-03-27
33,2023-03-12
64,2023-02-28
74,2023-02-28
51,2023-03-08
40,2023-03-04
17,2023-03-27
8,2023-03-08
18,2023-02-28
37,2023-03-30
24,2023-03-30
20,2023-03-27
20,2023-03-30
12,2023-04-16
69,2023-03-08
19,2023-03-03
38,2023-02-28
46,2023-03-04
20,2023-03-04
13,2023-02-28
20,2023-03-27
74,2023-02-28
9,2023-02-28
23,2023-02-28
115,2023-03-04
51,2023-02-28
45,2023-03-12
24,2023-03-07
13,2023-02-28
8,2023-03-08
23,2023-03-30
50,2023-03-07
21,2023-03-06
35,2023-03-30
38,2023-02-28
42,2023-03-30
28,2023-03-08
49,2023-03-30
23,2023-02-28
14,2023-03-06
33,2023-03-08
8,2023-03-08
77,2023-03-06
5,2023-03-06
29,2023-03-01
21,2023-03-30
28,2023-03-30
23,2023-03-08
38,2023-02-28
10,2023-03-07
76,2023-03-27
75,2023-03-08
16,2023-03-08
46,2023-03-30
13,2023-03-08
21,2023-03-07
6,2023-03-30
32,2023-03-08
29,2023-03-30
47,2023-02-28
7,2023-03-03
50,2023-02-28
38,2023-03-30
94,2023-02-28
19,2023-03-03
21,2023-03-08
28,2023-03-04
23,2023-02-28
55,2023-02-28
57,2023-03-04
10,2023-03-07
46,2023-03-30
24,2023-02-28
46,2023-03-08
50,2023-03-30
52,2023-03-30
33,2023-03-30
41,2023-03-08
10,2023-03-28
53,2023-02-28
24,2023-03-08
44,2023-03-08
25,2023-02-28
22,2023-03-08
14,2023-03-08
25,2023-02-28
18,2023-04-17
20,2023-03-08
19,2023-03-30
49,2023-03-28
14,2023-03-28
61,2023-03-08
53,2023-03-04
30,2023-03-04
59,2023-03-30
53,2023-04-17
225,2023-02-28
56,2023-03-30
7,2023-03-08
16,2023-03-30
17,2023-02-28
29,2023-03-30
45,2023-03-28
67,2023-03-06
10,2023-03-30
11,2023-03-28
21,2023-03-08
40,2023-02-28
37,2023-03-30
19,2023-03-04
18,2023-04-17
10,2023-03-30
47,2023-03-28
38,2023-02-28
30,2023-04-17
18,2023-03-30
36,2023-03-04
4,2023-03-28
25,2023-02-28
26,2023-03-08
53,2023-03-30
62,2023-03-30
27,2023-03-06
4,2023-03-28
16,2023-03-30
53,2023-03-07
14,2023-03-06
13,2023-02-28
18,2023-03-08
17,2023-03-05
33,2023-03-07
11,2023-03-30
6,2023-03-06
52,2023-03-30
26,2023-03-31
16,2023-02-28
3,2023-03-27
43,2023-03-30
41,2023-02-28
8,2023-02-28
72,2023-03-04
2,2023-03-28
26,2023-03-08
6,2023-03-08
5,2023-03-27
56,2023-02-28
14,2023-02-28
31,2023-04-17
3,2023-03-28
24,2023-02-28
12,2023-03-27
22,2023-03-30
12,2023-02-28
23,2023-03-06
20,2023-03-28
21,2023-02-28
14,2023-03-04
26,2023-03-08
15,2023-03-30
20,2023-03-30
45,2023-03-30
13,2023-02-28
10,2023-03-06
21,2023-03-11
21,2023-03-04
16,2023-02-28
7,2023-03-27
28,2023-03-27
51,2023-03-30
46,2023-02-28
52,2023-02-28
11,2023-03-05
44,2023-03-06
8,2023-03-27
14,2023-03-05
19,2023-03-08
44,2023-03-30
2,2023-03-27
35,2023-03-30
40,2023-02-28
11,2023-02-28
15,2023-02-28
35,2023-03-30
39,2023-03-04
8,2023-02-28
7,2023-02-28
39,2023-02-28
8,2023-02-28
46,2023-02-28
41,2023-03-30
32,2023-02-28
81,2023-02-28
35,2023-03-08
43,2023-03-07
4,2023-03-06
13,2023-04-16
37,2023-03-08
10,2023-03-28
38,2023-02-28
16,2023-03-06
43,2023-03-28
18,2023-03-30
22,2023-03-11
17,2023-03-28
15,2023-03-06
35,2023-02-28
14,2023-02-28
36,2023-02-28
39,2023-03-07
9,2023-03-28
17,2023-03-06
43,2023-03-30
42,2023-03-06
11,2023-04-17
9,2023-02-28
17,2023-03-03
12,2023-02-28
11,2023-03-08
26,2023-03-07
12,2023-03-06
16,2023-03-30
48,2023-03-27
17,2023-03-06
5,2023-03-30
37,2023-02-28
38,2023-03-04
14,2023-03-07
23,2023-03-08
18,2023-03-07
29,2023-02-28
0,2023-02-28
21,2023-02-28
9,2023-03-07
13,2023-03-07
13,2023-03-30
5,2023-03-28
8,2023-03-27
16,2023-02-28
34,2023-03-30
23,2023-03-04
19,2023-03-04
23,2023-02-28
12,2023-03-30
22,2023-03-08
11,2023-03-30
22,2023-03-04
24,2023-03-06
12,2023-03-28
45,2023-03-04
20,2023-02-28
12,2023-03-28
10,2023-03-28
7,2023-03-27
22,2023-03-28
22,2023-02-28
10,2023-03-28
10,2023-04-17
17,2023-03-04
24,2023-03-03
32,2023-02-28
41,2023-02-28
11,2023-02-28
10,2023-03-05
5,2023-04-16
25,2023-04-17
3,2023-03-06
47,2023-02-28
38,2023-02-28
19,2023-03-30
80,2023-03-27
16,2023-03-27
39,2023-03-08
21,2023-03-06
32,2023-03-30
18,2023-02-28
36,2023-03-06
92,2023-03-08
34,2023-02-28
35,2023-03-30
26,2023-02-28
7,2023-03-06
20,2023-03-04
26,2023-03-04
3,2023-03-08
9,2023-02-28
29,2023-02-28
15,2023-02-28
20,2023-04-17
55,2023-03-30
32,2023-03-08
8,2023-03-08
7,2023-03-28
4,2023-04-16
11,2023-03-05
17,2023-02-28
22,2023-02-28
24,2023-03-28
16,2023-02-28
46,2023-03-04
28,2023-02-28
25,2023-03-28
41,2023-03-04
41,2023-03-07
49,2023-02-28
28,2023-02-28
22,2023-03-01
14,2023-03-03
11,2023-03-12
10,2023-03-07
15,2023-03-07
1,2023-03-04
47,2023-03-08
39,2023-03-30
47,2023-03-27
17,2023-03-27
8,2023-03-04
47,2023-03-04
9,2023-03-08
3,2023-03-28
22,2023-03-08
12,2023-03-06
5,2023-03-05
11,2023-02-28
22,2023-03-30
59,2023-03-06
42,2023-02-28
19,2023-03-08
30,2023-03-08
4,2023-03-06
29,2023-03-04
11,2023-02-28
4,2023-03-30
5,2023-03-30
27,2023-03-08
13,2023-03-07
20,2023-02-28
19,2023-03-08
2,2023-03-08
7,2023-04-17
12,2023-03-07
21,2023-03-06
11,2023-03-27
36,2023-02-28
16,2023-03-28
5,2023-03-27
14,2023-02-28
14,2023-03-04
12,2023-03-04
26,2023-02-28
59,2023-03-30
10,2023-03-28
44,2023-03-28
24,2023-02-28
7,2023-04-17
15,2023-02-28
13,2023-02-28
50,2023-03-30
10,2023-02-28
22,2023-03-30
13,2023-03-08
58,2023-03-31
27,2023-03-04
14,2023-02-28
16,2023-02-28
14,2023-02-28
10,2023-03-30
14,2023-02-28
20,2023-02-28
19,2023-03-07
5,2023-03-05
15,2023-03-06
15,2023-03-30
21,2023-02-28
21,2023-03-30
10,2023-03-05
8,2023-02-28
18,2023-03-08
14,2023-03-08
19,2023-02-28
13,2023-03-27
34,2023-03-30
8,2023-03-08
5,2023-03-28
28,2023-03-28
21,2023-03-30
1,2023-03-30
46,2023-03-30
5,2023-03-27
3,2023-03-27
6,2023-03-08
24,2023-04-17
15,2023-03-08
14,2023-03-28
21,2023-03-30
28,2023-03-30
21,2023-03-07
21,2023-03-30
12,2023-03-30
13,2023-03-30
25,2023-03-30
12,2023-02-28
30,2023-02-28
27,2023-03-04
20,2023-03-08
48,2023-03-28
7,2023-04-17
12,2023-03-30
13,2023-03-30
7,2023-03-28
8,2023-02-28
19,2023-03-08
5,2023-04-17
6,2023-03-28
22,2023-02-28
9,2023-03-04
27,2023-03-30
19,2023-02-28
4,2023-03-08
4,2023-03-30
11,2023-03-27
21,2023-03-04
16,2023-02-28
4,2023-03-06
20,2023-02-28
15,2023-02-28
16,2023-03-30
61,2023-03-07
18,2023-03-30
25,2023-03-30
15,2023-04-17
15,2023-03-08
10,2023-04-17
12,2023-03-04
6,2023-03-28
26,2023-03-30
28,2023-03-30
19,2023-02-28
3,2023-03-04
40,2023-03-30
31,2023-02-28
15,2023-02-28
16,2023-03-06
21,2023-03-12
32,2023-03-30
11,2023-03-06
19,2023-03-08
30,2023-02-28
24,2023-03-04
4,2023-03-06
6,2023-03-27
32,2023-03-08
31,2023-02-28
23,2023-02-28
25,2023-02-28
22,2023-02-28
24,2023-03-04
4,2023-03-28
8,2023-03-27
24,2023-03-04
9,2023-03-30
28,2023-03-04
22,2023-02-28
15,2023-02-28
9,2023-02-28
11,2023-03-30
24,2023-02-28
1,2023-03-08
25,2023-03-07
1,2023-02-28
36,2023-03-07
5,2023-02-28
26,2023-03-30
12,2023-02-28
26,2023-03-05
12,2023-02-28
9,2023-03-30
8,2023-03-06
12,2023-03-28
18,2023-03-06
22,2023-03-30
16,2023-03-08
16,2023-03-08
31,2023-02-28
4,2023-03-08
24,2023-03-04
20,2023-02-28
8,2023-02-28
23,2023-03-07
28,2023-02-28
4,2023-03-08
3,2023-03-27
18,2023-03-28
18,2023-03-07
17,2023-03-30
19,2023-02-28
10,2023-02-28
30,2023-03-30
8,2023-02-28
14,2023-03-08
4,2023-03-28
23,2023-03-07
10,2023-03-07
7,2023-03-28
15,2023-02-28
5,2023-03-12
19,2023-03-30
17,2023-03-06
18,2023-03-30
16,2023-03-30
14,2023-03-28
13,2023-03-30
48,2023-03-07
8,2023-03-03
13,2023-02-28
7,2023-02-28
12,2023-03-03
10,2023-03-30
12,2023-02-28
16,2023-04-17
3,2023-03-30
10,2023-03-03
22,2023-03-04
22,2023-02-28
18,2023-03-06
13,2023-03-07
8,2023-02-28
12,2023-03-08
8,2023-03-03
10,2023-03-08
15,2023-03-08
6,2023-03-30
30,2023-03-30
1,2023-03-27
23,2023-03-30
1,2023-03-12
14,2023-03-03
17,2023-04-17
8,2023-03-30
19,2023-02-28
7,2023-03-30
38,2023-03-06
9,2023-02-28
13,2023-03-07
5,2023-03-04
2,2023-03-06
7,2023-03-27
22,2023-03-30
8,2023-03-30
18,2023-02-28
30,2023-03-04
24,2023-02-28
17,2023-03-08
5,2023-03-07
8,2023-02-28
9,2023-03-30
29,2023-03-06
7,2023-03-30
10,2023-03-27
18,2023-03-03
13,2023-03-07
15,2023-03-30
15,2023-03-08
11,2023-04-17
3,2023-02-28
17,2023-03-30
10,2023-03-30
12,2023-02-28
15,2023-04-17
3,2023-03-28
14,2023-03-28
13,2023-03-03
16,2023-03-04
5,2023-03-06
12,2023-03-06
6,2023-02-28
9,2023-03-04
9,2023-02-28
2,2023-03-12
0,2023-03-04
20,2023-04-16
1,2023-03-27
8,2023-03-08
29,2023-03-06
7,2023-03-28
6,2023-03-04
12,2023-03-12
10,2023-02-28
7,2023-03-03
12,2023-03-30
6,2023-03-06
25,2023-02-28
14,2023-03-06
13,2023-03-05
4,2023-02-28
8,2023-03-30
6,2023-03-04
33,2023-03-04
9,2023-03-04
10,2023-03-30
10,2023-03-30
8,2023-02-28
9,2023-02-28
2,2023-03-28
15,2023-03-27
12,2023-03-06
1,2023-03-12
8,2023-03-07
14,2023-03-30
22,2023-03-27
11,2023-03-30
9,2023-03-06
5,2023-03-31
8,2023-03-28
21,2023-03-30
9,2023-03-27
10,2023-03-07
2,2023-03-08
2,2023-03-08
8,2023-03-27
19,2023-03-06
32,2023-03-30
5,2023-03-08
10,2023-03-30
16,2023-03-30
13,2023-03-06
3,2023-02-28
2,2023-03-08
3,2023-03-30
11,2023-02-28
17,2023-02-28
18,2023-02-28
9,2023-03-30
12,2023-03-30
4,2023-03-08
11,2023-03-08
7,2023-02-28
14,2023-03-30
12,2023-02-28
4,2023-03-08
4,2023-03-07
4,2023-03-27
14,2023-03-30
13,2023-03-27
10,2023-03-30
18,2023-03-04
12,2023-03-04
15,2023-03-08
5,2023-03-08
10,2023-03-30
24,2023-03-07
25,2023-02-28
15,2023-03-30
19,2023-03-02
3,2023-03-07
11,2023-03-12
17,2023-02-28
11,2023-02-28
7,2023-03-30
7,2023-04-16
8,2023-04-17
12,2023-02-28
16,2023-02-28
8,2023-03-12
26,2023-02-28
8,2023-03-04
15,2023-02-28
17,2023-03-30
5,2023-03-28
12,2023-03-06
21,2023-02-28
12,2023-03-30
4,2023-03-30
24,2023-03-03
9,2023-03-30
20,2023-03-31
13,2023-03-30
8,2023-03-07
5,2023-04-16
16,2023-03-06
11,2023-03-30
8,2023-03-30
11,2023-03-08
3,2023-03-08
6,2023-02-28
23,2023-03-04
13,2023-03-08
8,2023-03-08
6,2023-03-27
0,2023-03-08
6,2023-03-08
15,2023-03-04
3,2023-03-31
4,2023-02-28
6,2023-03-30
3,2023-02-28
0,2023-03-27
0,2023-03-08
12,2023-03-04
4,2023-03-30
5,2023-03-08
2,2023-04-16
10,2023-02-28
10,2023-03-04
0,2023-02-28
3,2023-02-28
1,2023-03-30
7,2023-03-12
5,2023-03-08
4,2023-03-08
18,2023-03-30
8,2023-02-28
11,2023-03-30
4,2023-03-28
8,2023-03-03
4,2023-02-28
10,2023-03-06
13,2023-03-05
12,2023-03-27
9,2023-02-28
3,2023-03-27
3,2023-03-04
8,2023-03-06
12,2023-03-03
5,2023-02-28
11,2023-03-07
8,2023-03-06
8,2023-03-08
12,2023-03-03
9,2023-02-28
2,2023-03-30
16,2023-03-30
9,2023-02-28
5,2023-03-11
7,2023-02-28
13,2023-03-30
8,2023-02-28
10,2023-03-07
7,2023-03-30
12,2023-03-30
13,2023-03-30
6,2023-03-28
19,2023-02-28
5,2023-02-28
1,2023-03-08
13,2023-02-28
9,2023-03-27
1,2023-03-06
4,2023-03-28
5,2023-03-07
11,2023-03-06
11,2023-03-28
6,2023-03-07
3,2023-04-16
4,2023-03-07
7,2023-03-28
10,2023-03-30
16,2023-02-28
19,2023-03-08
2,2023-04-17
6,2023-03-30
0,2023-03-05
9,2023-03-04
12,2023-03-30
15,2023-03-04
2,2023-02-28
9,2023-03-30
10,2023-03-28
12,2023-02-28
9,2023-03-27
12,2023-03-03
1,2023-03-28
3,2023-03-07
3,2023-03-07
7,2023-02-28
5,2023-03-04
4,2023-03-08
4,2023-03-30
6,2023-03-30
7,2023-03-31
5,2023-03-08
3,2023-03-12
3,2023-02-28
8,2023-03-04
9,2023-03-04
12,2023-02-28
9,2023-03-06
0,2023-03-03
9,2023-03-06
7,2023-03-06
6,2023-03-28
1,2023-03-28
2,2023-03-12
6,2023-02-28
7,2023-03-30
10,2023-03-08
8,2023-03-30
5,2023-03-30
2,2023-03-04
13,2023-03-07
13,2023-03-30
3,2023-03-27
6,2023-03-30
10,2023-03-04
7,2023-03-04
2,2023-04-17
14,2023-03-31
5,2023-02-28
6,2023-03-31
2,2023-02-28
7,2023-03-06
4,2023-02-28
7,2023-03-02
13,2023-02-28
3,2023-02-28
1,2023-03-08
8,2023-03-06
8,2023-03-30
2,2023-03-08
1,2023-03-03
9,2023-03-08
2,2023-03-06
9,2023-03-30
15,2023-02-28
4,2023-04-17
6,2023-03-08
7,2023-02-28
5,2023-03-27
5,2023-02-28
5,2023-03-30
8,2023-03-27
5,2023-03-04
4,2023-03-12
7,2023-03-06
9,2023-03-08
5,2023-02-28
3,2023-02-28
2,2023-03-30
8,2023-02-28
2,2023-03-07
5,2023-03-08
10,2023-03-07
5,2023-02-28
4,2023-04-16
4,2023-03-30
7,2023-03-07
0,2023-03-08
4,2023-03-07
1,2023-03-06
5,2023-03-06
5,2023-03-06
8,2023-03-06
12,2023-02-28
7,2023-03-12
7,2023-03-08
3,2023-03-06
6,2023-02-28
3,2023-02-28
6,2023-03-08
3,2023-03-30
1,2023-03-08
8,2023-03-30
5,2023-03-06
4,2023-02-28
11,2023-03-27
5,2023-03-08
7,2023-03-30
7,2023-03-27
4,2023-03-08
5,2023-02-28
3,2023-03-30
5,2023-03-30
4,2023-03-07
5,2023-03-08
11,2023-02-28
9,2023-03-06
3,2023-03-30
2,2023-02-28
5,2023-03-30
8,2023-03-30
0,2023-03-08
4,2023-03-08
8,2023-02-28
7,2023-03-04
5,2023-04-17
1,2023-03-08
0,2023-03-12
4,2023-03-04
2,2023-03-06
3,2023-03-27
3,2023-02-28
4,2023-02-28
2,2023-02-28
3,2023-02-28
3,2023-03-27
2,2023-02-28
7,2023-02-28
2,2023-03-07
5,2023-03-06
7,2023-02-28
1,2023-02-28
3,2023-03-30
9,2023-03-04
7,2023-03-31
4,2023-03-06
2,2023-04-16
9,2023-02-28
3,2023-03-06
7,2023-03-27
4,2023-03-30
1,2023-02-28
4,2023-03-28
4,2023-03-06
9,2023-03-30
1,2023-02-28
4,2023-03-05
4,2023-03-04
8,2023-03-30
0,2023-03-28
9,2023-03-06
3,2023-03-08
0,2023-03-30
4,2023-03-31
5,2023-03-06
6,2023-03-05
2,2023-03-06
1,2023-03-04
6,2023-03-30
5,2023-03-30
10,2023-03-30
2,2023-03-07
3,2023-03-06
2,2023-03-30
2,2023-03-08
2,2023-03-28
3,2023-03-07
6,2023-04-16
1,2023-04-16
1,2023-02-28
4,2023-02-28
4,2023-02-28
2,2023-03-06
4,2023-03-27
0,2023-02-28
2,2023-03-28
1,2023-03-08
2,2023-03-07
2,2023-03-07
3,2023-03-28
7,2023-04-16
7,2023-03-06
1,2023-02-28
6,2023-03-30
3,2023-03-27
2,2023-02-28
2,2023-03-30
1,2023-03-27
0,2023-03-12
4,2023-02-28
3,2023-03-30
5,2023-03-30
6,2023-03-30
5,2023-03-30
1,2023-03-07
8,2023-02-28
5,2023-03-30
6,2023-03-28
2,2023-02-28
5,2023-03-07
1,2023-04-16
3,2023-03-06
9,2023-03-08
2,2023-02-28
2,2023-03-31
2,2023-03-07
6,2023-02-28
6,2023-03-31
6,2023-03-04
2,2023-03-12
7,2023-03-03
2,2023-03-08
5,2023-02-28
7,2023-03-06
1,2023-03-06
8,2023-02-28
1,2023-03-30
5,2023-03-06
5,2023-03-27
3,2023-04-17
8,2023-03-07
7,2023-03-07
0,2023-03-08
4,2023-03-30
3,2023-03-30
7,2023-03-27
2,2023-02-28
2,2023-02-28
3,2023-03-30
4,2023-02-28
3,2023-03-27
3,2023-03-06
3,2023-02-28
2,2023-03-30
2,2023-03-30
0,2023-03-03
4,2023-03-06
2,2023-02-28
5,2023-03-30
1,2023-03-28
3,2023-03-30
1,2023-02-28
0,2023-03-11
2,2023-03-27
0,2023-03-07
0,2023-03-06
0,2023-04-16
2,2023-03-30
1,2023-04-17
1,2023-03-06
0,2023-04-17
2,2023-03-28
6,2023-04-16
3,2023-04-17
3,2023-03-30
4,2023-03-27
0,2023-04-17
5,2023-03-30
2,2023-03-27
1,2023-03-06
0,2023-02-28
3,2023-03-30
1,2023-03-27
3,2023-04-17
4,2023-03-04
0,2023-03-27
1,2023-03-08
2,2023-03-30
3,2023-03-06
1,2023-02-28
0,2023-04-17
1,2023-03-30
1,2023-04-17
5,2023-02-28
1,2023-03-12
2,2023-03-07
2,2023-03-04
0,2023-03-30
0,2023-03-04
3,2023-03-07
5,2023-03-30
2,2023-03-06
3,2023-03-03
2,2023-03-30
1,2023-03-07
3,2023-03-30
1,2023-03-30
0,2023-03-06
0,2023-03-12
1,2023-03-12
4,2023-02-28
0,2023-03-30
1,2023-03-07
3,2023-03-27
0,2023-03-28
1,2023-03-05
0,2023-03-07
1,2023-02-28
0,2023-03-28
0,2023-04-17
3,2023-02-28
2,2023-03-30
3,2023-02-28
1,2023-03-05
0,2023-03-30
8,2023-03-08
0,2023-03-27
5,2023-03-04
0,2023-03-08
1,2023-03-30
0,2023-03-28
1,2023-03-28
1,2023-03-30
5,2023-03-27
4,2023-03-06
1,2023-03-28
1,2023-03-04
0,2023-03-30
1,2023-02-28
0,2023-03-07
1,2023-02-28
2,2023-02-28
0,2023-03-30
3,2023-03-08
0,2023-03-04
2,2023-02-28
0,2023-04-17
2,2023-03-04
1,2023-03-03
1,2023-04-17
2,2023-04-16
3,2023-03-30
0,2023-03-04
0,2023-03-03
0,2023-03-06
4,2023-03-08
1,2023-03-06
1,2023-03-08
2,2023-03-28
1,2023-04-17
0,2023-03-27
